{
  "project_info": {
    "project_number": "740313953886",
    "project_id": "food-app-with-admin-pane-9fbc0",
    "storage_bucket": "food-app-with-admin-pane-9fbc0.appspot.com"
  },
  "client": [
    {
      "client_info": {
        "mobilesdk_app_id": "1:740313953886:android:ac896a7f12a05f39b126cf",
        "android_client_info": {
          "package_name": "com.example.my_food_app"
        }
      },
      "oauth_client": [
        {
          "client_id": "740313953886-c153n1ges5og8o0bndhi5bf44o5n356c.apps.googleusercontent.com",
          "client_type": 1,
          "android_info": {
            "package_name": "com.example.my_food_app",
            "certificate_hash": "e835fd05045249385e833d68409d3614f8efcb4d"
          }
        },
        {
          "client_id": "740313953886-h5klg9lbbv3dvrp62dbungr9qpm7hhqn.apps.googleusercontent.com",
          "client_type": 1,
          "android_info": {
            "package_name": "com.example.my_food_app",
            "certificate_hash": "949435023c4b4d2af71d48a5f4dd294d9a6ee0bc"
          }
        },
        {
          "client_id": "740313953886-l2qti3c0neufcvodg6cdpqn40hs1pqh8.apps.googleusercontent.com",
          "client_type": 1,
          "android_info": {
            "package_name": "com.example.my_food_app",
            "certificate_hash": "b844ae838a73aa7aebe25ccd408fc6ee8ddbc3bb"
          }
        },
        {
          "client_id": "740313953886-lfc69p5rsbhvm7dp0bg5dkdstfiu53so.apps.googleusercontent.com",
          "client_type": 3
        }
      ],
      "api_key": [
        {
          "current_key": "AIzaSyDOOtoBdRMYzjPCtcH7lGjiJdPTjg4ugjM"
        }
      ],
      "services": {
        "appinvite_service": {
          "other_platform_oauth_client": [
            {
              "client_id": "740313953886-ldsvnfkkn713h426v2f1rg0etj7hrg6m.apps.googleusercontent.com",
              "client_type": 3
            }
          ]
        }
      }
    }
  ],
  "configuration_version": "1"
}